{
	"credit": "End Waz Here",
	"parent": "block/block",
	"textures": {
		"2": "toms_storage:block/inventory_cable",
		"3": "create:block/girder",
		"4": "create:block/portable_storage_interface",
		"5": "create:block/andesite_casing",
		"particle": "create:block/portable_storage_interface"
	},
	"elements": [
		{
			"name": "cable",
			"from": [6, 6, 6],
			"to": [10, 10, 10],
			"faces": {
				"north": {"uv": [6, 6, 10, 10], "texture": "#2"},
				"east": {"uv": [6, 6, 10, 10], "texture": "#2"},
				"south": {"uv": [6, 6, 10, 10], "texture": "#2"},
				"west": {"uv": [6, 6, 10, 10], "texture": "#2"},
				"up": {"uv": [6, 6, 10, 10], "texture": "#2"},
				"down": {"uv": [6, 6, 10, 10], "texture": "#2"}
			}
		},
		{
			"from": [2, 2, 0],
			"to": [14, 14, 4],
			"rotation": {"angle": 0, "axis": "y", "origin": [8, 8, 3]},
			"faces": {
				"east": {"uv": [1, 3.5, 7, 5.5], "rotation": 270, "texture": "#4"},
				"south": {"uv": [9, 8.5, 15, 14.5], "texture": "#4"},
				"west": {"uv": [1, 3.5, 7, 5.5], "rotation": 90, "texture": "#4"},
				"up": {"uv": [1, 3.5, 7, 5.5], "rotation": 180, "texture": "#4"},
				"down": {"uv": [1, 3.5, 7, 5.5], "texture": "#4"}
			}
		},
		{
			"from": [0, 1.9, 0],
			"to": [2, 14.1, 2.1],
			"rotation": {"angle": 0, "axis": "y", "origin": [8, 8, 3]},
			"faces": {
				"north": {"uv": [0, 2, 2, 14], "rotation": 180, "texture": "#5"},
				"south": {"uv": [0, 2, 2, 14], "texture": "#5"},
				"west": {"uv": [1, 9, 7, 10], "rotation": 90, "texture": "#4"},
				"up": {"uv": [7, 10, 8, 11], "rotation": 180, "texture": "#4"},
				"down": {"uv": [0, 10, 1, 11], "texture": "#4"}
			}
		},
		{
			"from": [14, 2, 0],
			"to": [16, 14, 2],
			"rotation": {"angle": 0, "axis": "y", "origin": [8, 8, 3]},
			"faces": {
				"north": {"uv": [0, 2, 2, 14], "texture": "#5"},
				"east": {"uv": [1, 9, 7, 10], "rotation": 270, "texture": "#4"},
				"south": {"uv": [0, 2, 2, 14], "rotation": 180, "texture": "#5"},
				"up": {"uv": [0, 10, 1, 11], "rotation": 180, "texture": "#4"},
				"down": {"uv": [7, 10, 8, 11], "texture": "#4"}
			}
		},
		{
			"from": [2, 0, 0],
			"to": [14, 16, 2],
			"rotation": {"angle": 0, "axis": "y", "origin": [8, 8, 3]},
			"faces": {
				"north": {"uv": [2, 0, 14, 16], "rotation": 180, "texture": "#5"},
				"east": {"uv": [0, 10, 8, 11], "rotation": 270, "texture": "#4"},
				"south": {"uv": [2, 0, 14, 16], "texture": "#5"},
				"west": {"uv": [0, 10, 8, 11], "rotation": 90, "texture": "#4"},
				"up": {"uv": [1, 9, 7, 10], "rotation": 180, "texture": "#4"},
				"down": {"uv": [1, 9, 7, 10], "texture": "#4"}
			}
		},
		{
			"from": [4, 4, 4],
			"to": [12, 12, 6],
			"rotation": {"angle": 0, "axis": "y", "origin": [8, 8, 3]},
			"faces": {
				"north": {"uv": [10, 9.5, 14, 13.5], "rotation": 180, "texture": "#4"},
				"east": {"uv": [8.5, 15, 15.5, 16], "rotation": 270, "texture": "#4"},
				"south": {"uv": [12, 4, 16, 8], "texture": "#3"},
				"west": {"uv": [8.5, 15, 15.5, 16], "rotation": 90, "texture": "#4"},
				"up": {"uv": [8.5, 15, 15.5, 16], "rotation": 180, "texture": "#4"},
				"down": {"uv": [8.5, 15, 15.5, 16], "texture": "#4"}
			}
		}
	],
	"display": {
		"thirdperson_righthand": {
			"rotation": [75, -180, 0],
			"translation": [0, 2.5, 0],
			"scale": [0.375, 0.375, 0.375]
		},
		"thirdperson_lefthand": {
			"rotation": [75, 45, 0],
			"translation": [0, 2.5, 0],
			"scale": [0.375, 0.375, 0.375]
		},
		"firstperson_righthand": {
			"rotation": [0, 225, 0],
			"scale": [0.4, 0.4, 0.4]
		},
		"firstperson_lefthand": {
			"rotation": [0, 225, 0],
			"scale": [0.4, 0.4, 0.4]
		},
		"ground": {
			"translation": [0, 3, 0],
			"scale": [0.25, 0.25, 0.25]
		},
		"gui": {
			"rotation": [30, 45, 0],
			"translation": [2.75, -1, 0],
			"scale": [0.625, 0.625, 0.625]
		},
		"head": {
			"rotation": [0, 180, 0],
			"translation": [0, 0, -13]
		},
		"fixed": {
			"rotation": [0, 180, 0],
			"translation": [0, 0, -3],
			"scale": [0.5, 0.5, 0.5]
		}
	},
	"groups": [
		0,
		{
			"name": "group",
			"origin": [8, 17, 8],
			"color": 0,
			"children": [1, 2, 3, 4, 5]
		}
	]
}